<?xml version="1.0" encoding="UTF-8"?>
<!DOCTYPE mapper PUBLIC "-//mybatis.org//DTD Mapper 3.0//EN" "http://mybatis.org/dtd/mybatis-3-mapper.dtd">
<mapper namespace="com.colodoo.manager.task.taskLogDet.service.mapper.TaskLogDetSQLMapper">

	<select id="getTaskLogDetList" resultType="com.colodoo.manager.task.taskLogDet.model.TaskLogDet" parameterType="com.colodoo.manager.task.taskLogDet.model.TaskLogDetVO">
		select
			a.`task_log_det_id` as `taskLogDetId`,
			a.`task_log_id` as `taskLogId`,
			a.`task_log_det_key` as `taskLogDetKey`,
			a.`task_log_det_value` as `taskLogDetValue`,
			a.`create_time` as `createTime`,
			a.`create_user_id` as `createUserId`,
			a.`update_time` as `updateTime`,
			a.`remark` as `remark`
		from
		    task_log_det a
		<where>
			<trim suffixOverrides="and">
				<if test="taskLogDetId != null and taskLogDetId !=''">
					a.`task_log_det_id` like CONCAT(CONCAT('%', #{taskLogDetId}), '%') and
				</if>
				<if test="taskLogId != null and taskLogId !=''">
					a.`task_log_id` like CONCAT(CONCAT('%', #{taskLogId}), '%') and
				</if>
				<if test="taskLogDetKey != null and taskLogDetKey !=''">
					a.`task_log_det_key` like CONCAT(CONCAT('%', #{taskLogDetKey}), '%') and
				</if>
				<if test="taskLogDetValue != null and taskLogDetValue !=''">
					a.`task_log_det_value` like CONCAT(CONCAT('%', #{taskLogDetValue}), '%') and
				</if>
				<if test="createTime != null">
					a.`create_time` = #{createTime} and
				</if>
				<if test="createUserId != null and createUserId !=''">
					a.`create_user_id` like CONCAT(CONCAT('%', #{createUserId}), '%') and
				</if>
				<if test="updateTime != null">
					a.`update_time` = #{updateTime} and
				</if>
				<if test="remark != null and remark !=''">
					a.`remark` like CONCAT(CONCAT('%', #{remark}), '%') and
				</if>
			</trim>
		</where>

	</select>

</mapper>