<?xml version="1.0" encoding="UTF-8"?>
<beans xmlns="http://www.springframework.org/schema/beans"
       xmlns:xsi="http://www.w3.org/2001/XMLSchema-instance"
       xmlns:context="http://www.springframework.org/schema/context"
       xmlns:aop="http://www.springframework.org/schema/aop"
       xmlns:tx="http://www.springframework.org/schema/tx"
       xmlns:mvc="http://www.springframework.org/schema/mvc"
       xsi:schemaLocation="http://www.springframework.org/schema/beans
      http://www.springframework.org/schema/beans/spring-beans.xsd
      http://www.springframework.org/schema/context
      http://www.springframework.org/schema/context/spring-context.xsd
      http://www.springframework.org/schema/tx
      http://www.springframework.org/schema/tx/spring-tx.xsd
      http://www.springframework.org/schema/aop
      http://www.springframework.org/schema/aop/spring-aop.xsd
      http://www.springframework.org/schema/mvc
      http://www.springframework.org/schema/mvc/spring-mvc.xsd">

    <context:component-scan base-package="com.anbai.sec.*"/>

    <!-- MVC注解支持 -->
    <mvc:annotation-driven/>

    <context:property-placeholder location="classpath:/config/jdbc.properties"/>

    <bean id="dataSource" class="com.alibaba.druid.pool.DruidDataSource" init-method="init" destroy-method="close">
        <property name="url" value="${jdbc.url}"/>
        <property name="username" value="${jdbc.username}"/>
        <property name="password" value="${jdbc.password}"/>
        <property name="filters" value="stat"/>
        <property name="maxActive" value="20"/>
        <property name="initialSize" value="1"/>
        <property name="maxWait" value="60000"/>
        <property name="minIdle" value="1"/>
        <property name="timeBetweenEvictionRunsMillis" value="60000"/>
        <property name="minEvictableIdleTimeMillis" value="300000"/>
        <property name="validationQuery" value="SELECT 'x'"/>
        <property name="testWhileIdle" value="true"/>
        <property name="testOnBorrow" value="false"/>
        <property name="testOnReturn" value="false"/>
        <property name="poolPreparedStatements" value="true"/>
        <property name="maxOpenPreparedStatements" value="20"/>
    </bean>

    <!-- jdbcTemplate Spring JDBC 模版 -->
    <bean id="jdbcTemplate" class="org.springframework.jdbc.core.JdbcTemplate" abstract="false" lazy-init="false">
        <property name="dataSource" ref="dataSource"/>
    </bean>

    <!-- 事务注解支持 -->
    <tx:annotation-driven/>

    <bean id="transactionManager" class="org.springframework.jdbc.datasource.DataSourceTransactionManager">
        <property name="dataSource" ref="dataSource"/>
    </bean>

    <aop:config>
        <aop:advisor pointcut="execution(public * com.anbai.sec.*.*(..))" advice-ref="txAdvice"/>
    </aop:config>

    <tx:advice id="txAdvice" transaction-manager="transactionManager">
        <tx:attributes>
            <tx:method name="get*" read-only="true" propagation="NOT_SUPPORTED"/>
            <tx:method name="*"/>
        </tx:attributes>
    </tx:advice>

</beans>