<?xml version="1.0" encoding="UTF-8"?>
<beans xmlns="http://www.springframework.org/schema/beans"
       xmlns:xsi="http://www.w3.org/2001/XMLSchema-instance"
       xmlns:mvc="http://www.springframework.org/schema/mvc"
       xsi:schemaLocation="http://www.springframework.org/schema/beans
      http://www.springframework.org/schema/beans/spring-beans.xsd
      http://www.springframework.org/schema/mvc
      http://www.springframework.org/schema/mvc/spring-mvc.xsd">

    <!-- freemarker 视图解析器 -->
    <bean id="viewResolver" class="org.springframework.web.servlet.view.freemarker.FreeMarkerViewResolver">
        <property name="viewNames" value="*.html"/>
        <property name="contentType" value="text/html;charset=UTF-8"/>
        <property name="exposeRequestAttributes" value="true"/>
        <property name="exposeSessionAttributes" value="true"/>
        <property name="exposeSpringMacroHelpers" value="true"/>
        <property name="requestContextAttribute" value="request"/>
        <property name="cache" value="true"/>
        <property name="prefix" value=""/>
        <property name="order" value="2"/>
    </bean>

    <!-- JSP 视图解析器 -->
    <bean class="org.springframework.web.servlet.view.InternalResourceViewResolver">
        <property name="viewClass" value="org.springframework.web.servlet.view.JstlView"/>
        <property name="prefix" value="/"/>
    </bean>

    <bean class="org.springframework.web.servlet.mvc.SimpleControllerHandlerAdapter"/>
    <mvc:default-servlet-handler/>

    <!-- 文件上传处理 -->
    <bean id="multipartResolver"
          class="org.springframework.web.multipart.commons.CommonsMultipartResolver">
        <property name="maxUploadSize" value="100000"/>
    </bean>

</beans>