<?xml version="1.0" encoding="UTF-8"?>
<!DOCTYPE mapper PUBLIC "-//mybatis.org//DTD Mapper 3.0//EN" "http://mybatis.org/dtd/mybatis-3-mapper.dtd">
<mapper namespace="com.colodoo.manager.task.task.service.mapper.TaskSQLMapper">

	<select id="getTaskList" resultType="com.colodoo.manager.task.task.model.TaskVO" parameterType="com.colodoo.manager.task.task.model.TaskVO">
		select
			a.`task_id` as `taskId`,
			a.`task_name` as `taskName`,
			a.`desc` as `desc`,
			a.`status` as `status`,
			a.`create_time` as `createTime`,
			a.`create_user_id` as `createUserId`,
			create_user.`user_name` as `createUserName`,
			a.`update_time` as `updateTime`,
			a.`update_user_id` as `updateUserId`,
			update_user.`user_name` as `updateUserName`,
			a.`remark` as `remark`
		from
		    task a
		left join user create_user on a.`create_user_id` = create_user.user_id
		left join user update_user on a.`update_user_id` = update_user.user_id
		<where>
			<trim suffixOverrides="and">
				<if test="taskId != null and taskId !=''">
				     a.`task_id` = #{taskId} and
				</if>
				<if test="taskName != null and taskName !=''">
				     a.`task_name` = #{taskName} and
				</if>
				<if test="desc != null and desc !=''">
				     a.`desc` = #{desc} and
				</if>
				<if test="status != null and status !=''">
				     a.`status` = #{status} and
				</if>
				<if test="createTime != null and createTime !=''">
				     a.`create_time` = #{createTime} and
				</if>
				<if test="createUserId != null and createUserId !=''">
				     a.`create_user_id` = #{createUserId} and
				</if>
				<if test="updateTime != null and updateTime !=''">
				     a.`update_time` = #{updateTime} and
				</if>
				<if test="updateUserId != null and updateUserId !=''">
				     a.`update_user_id` = #{updateUserId} and
				</if>
				<if test="remark != null and remark !=''">
				     a.`remark` = #{remark} and
				</if>
			</trim>
		</where>
		
		order by a.`update_time` desc

	</select>
	
	<!-- 取首页仪表盘数据 -->
	<select id="getDashboardData" resultType="com.colodoo.manager.task.task.model.DashboardVO" parameterType="com.colodoo.manager.task.task.model.TaskVO">
		select
		IFNULL(sum(b.runningCount),0) as runningCount,
		IFNULL(sum(b.finshedCount),0) as finshedCount,
		IFNULL(sum(b.todoCount),0) as todoCount,
		0 as reportCount
		from (
		select
		case when a.task_log_status = '2' then 1 else 0
		end runningCount,
		case when a.task_log_status = '3' then 1 else 0
		end finshedCount,
		0 as todoCount
		from task_log a
		where 1=1
		and (
		a.task_log_status = '2'
		or a.task_log_status = '3'
		)
		and a.create_user_id = #{createUserId}

		union all

		select
		0 as runningCount,
		0 as finshedCount,
		count(1) as todoCount
		from scan_result c
		where 1=1
		and (c.scan_result = '1' or c.scan_result = '0')
		and c.create_user_id = #{createUserId}
		) b

		<!--		select -->
<!--			  count(1) as `allCount`-->
<!--			, count( case when t.`status` = '2' then 1 else null end ) as `runningCount`-->
<!--			, count( case when t.`status` = '4' then 1 else null end ) as `errorCount`-->
<!--		from -->
<!--			task t-->
<!--		<where>-->
<!--			<trim suffixOverrides="and">-->
<!--				<if test="dateFrom != null">-->
<!--				     t.`create_time` >= #{dateFrom} and-->
<!--				</if>-->
<!--				<if test="dateTo != null">-->
<!--				     t.`create_time` &lt;= #{dateTo} and-->
<!--				</if>-->
<!--			</trim>-->
<!--		</where>-->
	</select>

</mapper>