<?xml version="1.0" encoding="UTF-8"?>
<!DOCTYPE mapper PUBLIC "-//mybatis.org//DTD Mapper 3.0//EN" "http://mybatis.org/dtd/mybatis-3-mapper.dtd">
<mapper namespace="com.colodoo.framework.manager.role.service.RoleMapper">
  <resultMap id="BaseResultMap" type="com.colodoo.framework.manager.role.model.Role">
    <id column="role_id" jdbcType="VARCHAR" property="roleId" />
    <result column="role_name" jdbcType="VARCHAR" property="roleName" />
    <result column="options" jdbcType="VARCHAR" property="options" />
    <result column="parent_role_id" jdbcType="VARCHAR" property="parentRoleId" />
    <result column="sort" jdbcType="INTEGER" property="sort" />
    <result column="create_time" jdbcType="TIMESTAMP" property="createTime" />
  </resultMap>
  <sql id="Example_Where_Clause">
    <where>
      <foreach collection="oredCriteria" item="criteria" separator="or">
        <if test="criteria.valid">
          <trim prefix="(" prefixOverrides="and" suffix=")">
            <foreach collection="criteria.criteria" item="criterion">
              <choose>
                <when test="criterion.noValue">
                  and ${criterion.condition}
                </when>
                <when test="criterion.singleValue">
                  and ${criterion.condition} #{criterion.value}
                </when>
                <when test="criterion.betweenValue">
                  and ${criterion.condition} #{criterion.value} and #{criterion.secondValue}
                </when>
                <when test="criterion.listValue">
                  and ${criterion.condition}
                  <foreach close=")" collection="criterion.value" item="listItem" open="(" separator=",">
                    #{listItem}
                  </foreach>
                </when>
              </choose>
            </foreach>
          </trim>
        </if>
      </foreach>
    </where>
  </sql>
  <sql id="Update_By_Example_Where_Clause">
    <where>
      <foreach collection="example.oredCriteria" item="criteria" separator="or">
        <if test="criteria.valid">
          <trim prefix="(" prefixOverrides="and" suffix=")">
            <foreach collection="criteria.criteria" item="criterion">
              <choose>
                <when test="criterion.noValue">
                  and ${criterion.condition}
                </when>
                <when test="criterion.singleValue">
                  and ${criterion.condition} #{criterion.value}
                </when>
                <when test="criterion.betweenValue">
                  and ${criterion.condition} #{criterion.value} and #{criterion.secondValue}
                </when>
                <when test="criterion.listValue">
                  and ${criterion.condition}
                  <foreach close=")" collection="criterion.value" item="listItem" open="(" separator=",">
                    #{listItem}
                  </foreach>
                </when>
              </choose>
            </foreach>
          </trim>
        </if>
      </foreach>
    </where>
  </sql>
  <sql id="Base_Column_List">
    role_id, role_name, `options`, parent_role_id, sort, create_time
  </sql>
  <select id="selectByExample" parameterType="com.colodoo.framework.manager.role.model.RoleExample" resultMap="BaseResultMap">
    select
    <if test="distinct">
      distinct
    </if>
    <include refid="Base_Column_List" />
    from role
    <if test="_parameter != null">
      <include refid="Example_Where_Clause" />
    </if>
    <if test="orderByClause != null">
      order by ${orderByClause}
    </if>
  </select>
  <select id="selectByPrimaryKey" parameterType="java.lang.String" resultMap="BaseResultMap">
    select 
    <include refid="Base_Column_List" />
    from role
    where role_id = #{roleId,jdbcType=VARCHAR}
  </select>
  <delete id="deleteByPrimaryKey" parameterType="java.lang.String">
    delete from role
    where role_id = #{roleId,jdbcType=VARCHAR}
  </delete>
  <delete id="deleteByExample" parameterType="com.colodoo.framework.manager.role.model.RoleExample">
    delete from role
    <if test="_parameter != null">
      <include refid="Example_Where_Clause" />
    </if>
  </delete>
  <insert id="insert" parameterType="com.colodoo.framework.manager.role.model.Role">
    insert into role (role_id, role_name, `options`, 
      parent_role_id, sort, create_time
      )
    values (#{roleId,jdbcType=VARCHAR}, #{roleName,jdbcType=VARCHAR}, #{options,jdbcType=VARCHAR}, 
      #{parentRoleId,jdbcType=VARCHAR}, #{sort,jdbcType=INTEGER}, #{createTime,jdbcType=TIMESTAMP}
      )
  </insert>
  <insert id="insertSelective" parameterType="com.colodoo.framework.manager.role.model.Role">
    insert into role
    <trim prefix="(" suffix=")" suffixOverrides=",">
      <if test="roleId != null">
        role_id,
      </if>
      <if test="roleName != null">
        role_name,
      </if>
      <if test="options != null">
        `options`,
      </if>
      <if test="parentRoleId != null">
        parent_role_id,
      </if>
      <if test="sort != null">
        sort,
      </if>
      <if test="createTime != null">
        create_time,
      </if>
    </trim>
    <trim prefix="values (" suffix=")" suffixOverrides=",">
      <if test="roleId != null">
        #{roleId,jdbcType=VARCHAR},
      </if>
      <if test="roleName != null">
        #{roleName,jdbcType=VARCHAR},
      </if>
      <if test="options != null">
        #{options,jdbcType=VARCHAR},
      </if>
      <if test="parentRoleId != null">
        #{parentRoleId,jdbcType=VARCHAR},
      </if>
      <if test="sort != null">
        #{sort,jdbcType=INTEGER},
      </if>
      <if test="createTime != null">
        #{createTime,jdbcType=TIMESTAMP},
      </if>
    </trim>
  </insert>
  <select id="countByExample" parameterType="com.colodoo.framework.manager.role.model.RoleExample" resultType="java.lang.Long">
    select count(*) from role
    <if test="_parameter != null">
      <include refid="Example_Where_Clause" />
    </if>
  </select>
  <update id="updateByExampleSelective" parameterType="map">
    update role
    <set>
      <if test="record.roleId != null">
        role_id = #{record.roleId,jdbcType=VARCHAR},
      </if>
      <if test="record.roleName != null">
        role_name = #{record.roleName,jdbcType=VARCHAR},
      </if>
      <if test="record.options != null">
        `options` = #{record.options,jdbcType=VARCHAR},
      </if>
      <if test="record.parentRoleId != null">
        parent_role_id = #{record.parentRoleId,jdbcType=VARCHAR},
      </if>
      <if test="record.sort != null">
        sort = #{record.sort,jdbcType=INTEGER},
      </if>
      <if test="record.createTime != null">
        create_time = #{record.createTime,jdbcType=TIMESTAMP},
      </if>
    </set>
    <if test="_parameter != null">
      <include refid="Update_By_Example_Where_Clause" />
    </if>
  </update>
  <update id="updateByExample" parameterType="map">
    update role
    set role_id = #{record.roleId,jdbcType=VARCHAR},
      role_name = #{record.roleName,jdbcType=VARCHAR},
      `options` = #{record.options,jdbcType=VARCHAR},
      parent_role_id = #{record.parentRoleId,jdbcType=VARCHAR},
      sort = #{record.sort,jdbcType=INTEGER},
      create_time = #{record.createTime,jdbcType=TIMESTAMP}
    <if test="_parameter != null">
      <include refid="Update_By_Example_Where_Clause" />
    </if>
  </update>
  <update id="updateByPrimaryKeySelective" parameterType="com.colodoo.framework.manager.role.model.Role">
    update role
    <set>
      <if test="roleName != null">
        role_name = #{roleName,jdbcType=VARCHAR},
      </if>
      <if test="options != null">
        `options` = #{options,jdbcType=VARCHAR},
      </if>
      <if test="parentRoleId != null">
        parent_role_id = #{parentRoleId,jdbcType=VARCHAR},
      </if>
      <if test="sort != null">
        sort = #{sort,jdbcType=INTEGER},
      </if>
      <if test="createTime != null">
        create_time = #{createTime,jdbcType=TIMESTAMP},
      </if>
    </set>
    where role_id = #{roleId,jdbcType=VARCHAR}
  </update>
  <update id="updateByPrimaryKey" parameterType="com.colodoo.framework.manager.role.model.Role">
    update role
    set role_name = #{roleName,jdbcType=VARCHAR},
      `options` = #{options,jdbcType=VARCHAR},
      parent_role_id = #{parentRoleId,jdbcType=VARCHAR},
      sort = #{sort,jdbcType=INTEGER},
      create_time = #{createTime,jdbcType=TIMESTAMP}
    where role_id = #{roleId,jdbcType=VARCHAR}
  </update>
</mapper>