<?xml version="1.0" encoding="UTF-8"?>
<list>
    <emp id="1">
        <name>张山1</name>
        <age>23</age>
        <gender>男</gender>
        <salary>8000</salary>
    </emp>
    <emp id="2">
        <name>张山2</name>
        <age>25</age>
        <gender>男</gender>
        <salary>7000</salary>
    </emp>
    <emp id="3">
        <name>张山3</name>
        <age>25</age>
        <gender>男</gender>
        <salary>6000</salary>
    </emp>
    <emp id="4">
        <name>张山4</name>
        <age>36</age>
        <gender>男</gender>
        <salary>5000</salary>
    </emp>
    <emp id="5">
        <name>张山5</name>
        <age>21</age>
        <gender>男</gender>
        <salary>4000</salary>
    </emp>
</list>