<?xml version="1.0" encoding="UTF-8"?>
<!DOCTYPE mapper PUBLIC "-//mybatis.org//DTD Mapper 3.0//EN" "http://mybatis.org/dtd/mybatis-3-mapper.dtd">
<mapper namespace="com.colodoo.framework.manager.org.service.OrgMapper">
  <resultMap id="BaseResultMap" type="com.colodoo.framework.manager.org.model.Org">
    <id column="org_id" jdbcType="VARCHAR" property="orgId" />
    <result column="org_name" jdbcType="VARCHAR" property="orgName" />
    <result column="parent_org_id" jdbcType="VARCHAR" property="parentOrgId" />
    <result column="sort_no" jdbcType="INTEGER" property="sortNo" />
    <result column="create_time" jdbcType="TIMESTAMP" property="createTime" />
  </resultMap>
  <sql id="Example_Where_Clause">
    <where>
      <foreach collection="oredCriteria" item="criteria" separator="or">
        <if test="criteria.valid">
          <trim prefix="(" prefixOverrides="and" suffix=")">
            <foreach collection="criteria.criteria" item="criterion">
              <choose>
                <when test="criterion.noValue">
                  and ${criterion.condition}
                </when>
                <when test="criterion.singleValue">
                  and ${criterion.condition} #{criterion.value}
                </when>
                <when test="criterion.betweenValue">
                  and ${criterion.condition} #{criterion.value} and #{criterion.secondValue}
                </when>
                <when test="criterion.listValue">
                  and ${criterion.condition}
                  <foreach close=")" collection="criterion.value" item="listItem" open="(" separator=",">
                    #{listItem}
                  </foreach>
                </when>
              </choose>
            </foreach>
          </trim>
        </if>
      </foreach>
    </where>
  </sql>
  <sql id="Update_By_Example_Where_Clause">
    <where>
      <foreach collection="example.oredCriteria" item="criteria" separator="or">
        <if test="criteria.valid">
          <trim prefix="(" prefixOverrides="and" suffix=")">
            <foreach collection="criteria.criteria" item="criterion">
              <choose>
                <when test="criterion.noValue">
                  and ${criterion.condition}
                </when>
                <when test="criterion.singleValue">
                  and ${criterion.condition} #{criterion.value}
                </when>
                <when test="criterion.betweenValue">
                  and ${criterion.condition} #{criterion.value} and #{criterion.secondValue}
                </when>
                <when test="criterion.listValue">
                  and ${criterion.condition}
                  <foreach close=")" collection="criterion.value" item="listItem" open="(" separator=",">
                    #{listItem}
                  </foreach>
                </when>
              </choose>
            </foreach>
          </trim>
        </if>
      </foreach>
    </where>
  </sql>
  <sql id="Base_Column_List">
    org_id, org_name, parent_org_id, sort_no, create_time
  </sql>
  <select id="selectByExample" parameterType="com.colodoo.framework.manager.org.model.OrgExample" resultMap="BaseResultMap">
    select
    <if test="distinct">
      distinct
    </if>
    <include refid="Base_Column_List" />
    from org
    <if test="_parameter != null">
      <include refid="Example_Where_Clause" />
    </if>
    <if test="orderByClause != null">
      order by ${orderByClause}
    </if>
  </select>
  <select id="selectByPrimaryKey" parameterType="java.lang.String" resultMap="BaseResultMap">
    select 
    <include refid="Base_Column_List" />
    from org
    where org_id = #{orgId,jdbcType=VARCHAR}
  </select>
  <delete id="deleteByPrimaryKey" parameterType="java.lang.String">
    delete from org
    where org_id = #{orgId,jdbcType=VARCHAR}
  </delete>
  <delete id="deleteByExample" parameterType="com.colodoo.framework.manager.org.model.OrgExample">
    delete from org
    <if test="_parameter != null">
      <include refid="Example_Where_Clause" />
    </if>
  </delete>
  <insert id="insert" parameterType="com.colodoo.framework.manager.org.model.Org">
    insert into org (org_id, org_name, parent_org_id, 
      sort_no, create_time)
    values (#{orgId,jdbcType=VARCHAR}, #{orgName,jdbcType=VARCHAR}, #{parentOrgId,jdbcType=VARCHAR}, 
      #{sortNo,jdbcType=INTEGER}, #{createTime,jdbcType=TIMESTAMP})
  </insert>
  <insert id="insertSelective" parameterType="com.colodoo.framework.manager.org.model.Org">
    insert into org
    <trim prefix="(" suffix=")" suffixOverrides=",">
      <if test="orgId != null">
        org_id,
      </if>
      <if test="orgName != null">
        org_name,
      </if>
      <if test="parentOrgId != null">
        parent_org_id,
      </if>
      <if test="sortNo != null">
        sort_no,
      </if>
      <if test="createTime != null">
        create_time,
      </if>
    </trim>
    <trim prefix="values (" suffix=")" suffixOverrides=",">
      <if test="orgId != null">
        #{orgId,jdbcType=VARCHAR},
      </if>
      <if test="orgName != null">
        #{orgName,jdbcType=VARCHAR},
      </if>
      <if test="parentOrgId != null">
        #{parentOrgId,jdbcType=VARCHAR},
      </if>
      <if test="sortNo != null">
        #{sortNo,jdbcType=INTEGER},
      </if>
      <if test="createTime != null">
        #{createTime,jdbcType=TIMESTAMP},
      </if>
    </trim>
  </insert>
  <select id="countByExample" parameterType="com.colodoo.framework.manager.org.model.OrgExample" resultType="java.lang.Long">
    select count(*) from org
    <if test="_parameter != null">
      <include refid="Example_Where_Clause" />
    </if>
  </select>
  <update id="updateByExampleSelective" parameterType="map">
    update org
    <set>
      <if test="record.orgId != null">
        org_id = #{record.orgId,jdbcType=VARCHAR},
      </if>
      <if test="record.orgName != null">
        org_name = #{record.orgName,jdbcType=VARCHAR},
      </if>
      <if test="record.parentOrgId != null">
        parent_org_id = #{record.parentOrgId,jdbcType=VARCHAR},
      </if>
      <if test="record.sortNo != null">
        sort_no = #{record.sortNo,jdbcType=INTEGER},
      </if>
      <if test="record.createTime != null">
        create_time = #{record.createTime,jdbcType=TIMESTAMP},
      </if>
    </set>
    <if test="_parameter != null">
      <include refid="Update_By_Example_Where_Clause" />
    </if>
  </update>
  <update id="updateByExample" parameterType="map">
    update org
    set org_id = #{record.orgId,jdbcType=VARCHAR},
      org_name = #{record.orgName,jdbcType=VARCHAR},
      parent_org_id = #{record.parentOrgId,jdbcType=VARCHAR},
      sort_no = #{record.sortNo,jdbcType=INTEGER},
      create_time = #{record.createTime,jdbcType=TIMESTAMP}
    <if test="_parameter != null">
      <include refid="Update_By_Example_Where_Clause" />
    </if>
  </update>
  <update id="updateByPrimaryKeySelective" parameterType="com.colodoo.framework.manager.org.model.Org">
    update org
    <set>
      <if test="orgName != null">
        org_name = #{orgName,jdbcType=VARCHAR},
      </if>
      <if test="parentOrgId != null">
        parent_org_id = #{parentOrgId,jdbcType=VARCHAR},
      </if>
      <if test="sortNo != null">
        sort_no = #{sortNo,jdbcType=INTEGER},
      </if>
      <if test="createTime != null">
        create_time = #{createTime,jdbcType=TIMESTAMP},
      </if>
    </set>
    where org_id = #{orgId,jdbcType=VARCHAR}
  </update>
  <update id="updateByPrimaryKey" parameterType="com.colodoo.framework.manager.org.model.Org">
    update org
    set org_name = #{orgName,jdbcType=VARCHAR},
      parent_org_id = #{parentOrgId,jdbcType=VARCHAR},
      sort_no = #{sortNo,jdbcType=INTEGER},
      create_time = #{createTime,jdbcType=TIMESTAMP}
    where org_id = #{orgId,jdbcType=VARCHAR}
  </update>
</mapper>