<configuration debug="false">
    <logger name="org.apache" level="INFO" />
    <logger name="org.apache.http.wire" level="INFO" />
    <logger name="org.apache.http.headers" level="INFO" />

    <property name="CONSOLE_LOG_PATTERN"
              value="%date{yyyy-MM-dd HH:mm:ss}  %highlight(%-5level) %magenta(%-4relative) --- [%yellow(%15.15thread)] %cyan(%-40.40logger{39}) : %msg%n"/>


    <appender name="STDOUT" class="ch.qos.logback.core.ConsoleAppender">
        <encoder>
            <pattern>${CONSOLE_LOG_PATTERN}</pattern>
        </encoder>
    </appender>

    <root level="ERROR">
        <appender-ref ref="STDOUT"/>
    </root>
</configuration>