<?xml version="1.0" encoding="UTF-8"?>
<!DOCTYPE mapper PUBLIC "-//mybatis.org//DTD Mapper 3.0//EN" "http://mybatis.org/dtd/mybatis-3-mapper.dtd">
<mapper namespace="com.colodoo.framework.manager.menu.service.MenuMapper">
  <resultMap id="BaseResultMap" type="com.colodoo.framework.manager.menu.model.Menu">
    <id column="menu_id" jdbcType="VARCHAR" property="menuId" />
    <result column="menu_name" jdbcType="VARCHAR" property="menuName" />
    <result column="parent_menu_id" jdbcType="VARCHAR" property="parentMenuId" />
    <result column="menu_url" jdbcType="VARCHAR" property="menuUrl" />
    <result column="sort" jdbcType="INTEGER" property="sort" />
    <result column="visible" jdbcType="INTEGER" property="visible" />
  </resultMap>
  <sql id="Example_Where_Clause">
    <where>
      <foreach collection="oredCriteria" item="criteria" separator="or">
        <if test="criteria.valid">
          <trim prefix="(" prefixOverrides="and" suffix=")">
            <foreach collection="criteria.criteria" item="criterion">
              <choose>
                <when test="criterion.noValue">
                  and ${criterion.condition}
                </when>
                <when test="criterion.singleValue">
                  and ${criterion.condition} #{criterion.value}
                </when>
                <when test="criterion.betweenValue">
                  and ${criterion.condition} #{criterion.value} and #{criterion.secondValue}
                </when>
                <when test="criterion.listValue">
                  and ${criterion.condition}
                  <foreach close=")" collection="criterion.value" item="listItem" open="(" separator=",">
                    #{listItem}
                  </foreach>
                </when>
              </choose>
            </foreach>
          </trim>
        </if>
      </foreach>
    </where>
  </sql>
  <sql id="Update_By_Example_Where_Clause">
    <where>
      <foreach collection="example.oredCriteria" item="criteria" separator="or">
        <if test="criteria.valid">
          <trim prefix="(" prefixOverrides="and" suffix=")">
            <foreach collection="criteria.criteria" item="criterion">
              <choose>
                <when test="criterion.noValue">
                  and ${criterion.condition}
                </when>
                <when test="criterion.singleValue">
                  and ${criterion.condition} #{criterion.value}
                </when>
                <when test="criterion.betweenValue">
                  and ${criterion.condition} #{criterion.value} and #{criterion.secondValue}
                </when>
                <when test="criterion.listValue">
                  and ${criterion.condition}
                  <foreach close=")" collection="criterion.value" item="listItem" open="(" separator=",">
                    #{listItem}
                  </foreach>
                </when>
              </choose>
            </foreach>
          </trim>
        </if>
      </foreach>
    </where>
  </sql>
  <sql id="Base_Column_List">
    menu_id, menu_name, parent_menu_id, menu_url, sort, visible
  </sql>
  <select id="selectByExample" parameterType="com.colodoo.framework.manager.menu.model.MenuExample" resultMap="BaseResultMap">
    select
    <if test="distinct">
      distinct
    </if>
    <include refid="Base_Column_List" />
    from menu
    <if test="_parameter != null">
      <include refid="Example_Where_Clause" />
    </if>
    <if test="orderByClause != null">
      order by ${orderByClause}
    </if>
  </select>
  <select id="selectByPrimaryKey" parameterType="java.lang.String" resultMap="BaseResultMap">
    select 
    <include refid="Base_Column_List" />
    from menu
    where menu_id = #{menuId,jdbcType=VARCHAR}
  </select>
  <delete id="deleteByPrimaryKey" parameterType="java.lang.String">
    delete from menu
    where menu_id = #{menuId,jdbcType=VARCHAR}
  </delete>
  <delete id="deleteByExample" parameterType="com.colodoo.framework.manager.menu.model.MenuExample">
    delete from menu
    <if test="_parameter != null">
      <include refid="Example_Where_Clause" />
    </if>
  </delete>
  <insert id="insert" parameterType="com.colodoo.framework.manager.menu.model.Menu">
    insert into menu (menu_id, menu_name, parent_menu_id, 
      menu_url, sort, visible
      )
    values (#{menuId,jdbcType=VARCHAR}, #{menuName,jdbcType=VARCHAR}, #{parentMenuId,jdbcType=VARCHAR}, 
      #{menuUrl,jdbcType=VARCHAR}, #{sort,jdbcType=INTEGER}, #{visible,jdbcType=INTEGER}
      )
  </insert>
  <insert id="insertSelective" parameterType="com.colodoo.framework.manager.menu.model.Menu">
    insert into menu
    <trim prefix="(" suffix=")" suffixOverrides=",">
      <if test="menuId != null">
        menu_id,
      </if>
      <if test="menuName != null">
        menu_name,
      </if>
      <if test="parentMenuId != null">
        parent_menu_id,
      </if>
      <if test="menuUrl != null">
        menu_url,
      </if>
      <if test="sort != null">
        sort,
      </if>
      <if test="visible != null">
        visible,
      </if>
    </trim>
    <trim prefix="values (" suffix=")" suffixOverrides=",">
      <if test="menuId != null">
        #{menuId,jdbcType=VARCHAR},
      </if>
      <if test="menuName != null">
        #{menuName,jdbcType=VARCHAR},
      </if>
      <if test="parentMenuId != null">
        #{parentMenuId,jdbcType=VARCHAR},
      </if>
      <if test="menuUrl != null">
        #{menuUrl,jdbcType=VARCHAR},
      </if>
      <if test="sort != null">
        #{sort,jdbcType=INTEGER},
      </if>
      <if test="visible != null">
        #{visible,jdbcType=INTEGER},
      </if>
    </trim>
  </insert>
  <select id="countByExample" parameterType="com.colodoo.framework.manager.menu.model.MenuExample" resultType="java.lang.Long">
    select count(*) from menu
    <if test="_parameter != null">
      <include refid="Example_Where_Clause" />
    </if>
  </select>
  <update id="updateByExampleSelective" parameterType="map">
    update menu
    <set>
      <if test="record.menuId != null">
        menu_id = #{record.menuId,jdbcType=VARCHAR},
      </if>
      <if test="record.menuName != null">
        menu_name = #{record.menuName,jdbcType=VARCHAR},
      </if>
      <if test="record.parentMenuId != null">
        parent_menu_id = #{record.parentMenuId,jdbcType=VARCHAR},
      </if>
      <if test="record.menuUrl != null">
        menu_url = #{record.menuUrl,jdbcType=VARCHAR},
      </if>
      <if test="record.sort != null">
        sort = #{record.sort,jdbcType=INTEGER},
      </if>
      <if test="record.visible != null">
        visible = #{record.visible,jdbcType=INTEGER},
      </if>
    </set>
    <if test="_parameter != null">
      <include refid="Update_By_Example_Where_Clause" />
    </if>
  </update>
  <update id="updateByExample" parameterType="map">
    update menu
    set menu_id = #{record.menuId,jdbcType=VARCHAR},
      menu_name = #{record.menuName,jdbcType=VARCHAR},
      parent_menu_id = #{record.parentMenuId,jdbcType=VARCHAR},
      menu_url = #{record.menuUrl,jdbcType=VARCHAR},
      sort = #{record.sort,jdbcType=INTEGER},
      visible = #{record.visible,jdbcType=INTEGER}
    <if test="_parameter != null">
      <include refid="Update_By_Example_Where_Clause" />
    </if>
  </update>
  <update id="updateByPrimaryKeySelective" parameterType="com.colodoo.framework.manager.menu.model.Menu">
    update menu
    <set>
      <if test="menuName != null">
        menu_name = #{menuName,jdbcType=VARCHAR},
      </if>
      <if test="parentMenuId != null">
        parent_menu_id = #{parentMenuId,jdbcType=VARCHAR},
      </if>
      <if test="menuUrl != null">
        menu_url = #{menuUrl,jdbcType=VARCHAR},
      </if>
      <if test="sort != null">
        sort = #{sort,jdbcType=INTEGER},
      </if>
      <if test="visible != null">
        visible = #{visible,jdbcType=INTEGER},
      </if>
    </set>
    where menu_id = #{menuId,jdbcType=VARCHAR}
  </update>
  <update id="updateByPrimaryKey" parameterType="com.colodoo.framework.manager.menu.model.Menu">
    update menu
    set menu_name = #{menuName,jdbcType=VARCHAR},
      parent_menu_id = #{parentMenuId,jdbcType=VARCHAR},
      menu_url = #{menuUrl,jdbcType=VARCHAR},
      sort = #{sort,jdbcType=INTEGER},
      visible = #{visible,jdbcType=INTEGER}
    where menu_id = #{menuId,jdbcType=VARCHAR}
  </update>
</mapper>