<?xml version="1.0" encoding="UTF-8"?>
<!DOCTYPE mapper PUBLIC "-//mybatis.org//DTD Mapper 3.0//EN" "http://mybatis.org/dtd/mybatis-3-mapper.dtd">
<mapper namespace="com.colodoo.manager.bug.service.mapper.BugSQLMapper">

	<select id="getBugList" resultType="com.colodoo.manager.bug.model.BugVO" parameterType="com.colodoo.manager.bug.model.BugVO">
		select
			a.`bug_id` as `bugId`,
			a.`bug_name` as `bugName`,
			a.`desc` as `desc`,
			a.`create_time` as `createTime`,
			a.`create_user_id` as `createUserId`,
			a.`update_time` as `updateTime`,
			a.`update_user_id` as `updateUserId`,
			a.`remark` as `remark`,
			create_user.`user_name` as `createUserName`,
			update_user.`user_name` as `updateUserName`
		from
		    bug a
		left join user create_user on a.`create_user_id` = create_user.user_id
		left join user update_user on a.`update_user_id` = update_user.user_id
		<where>
			<trim suffixOverrides="and">
				<if test="bugId != null and bugId !=''">
				     a.`bug_id` = #{bugId} and
				</if>
				<if test="bugName != null and bugName !=''">
				     a.`bug_name` like CONCAT(CONCAT('%', #{bugName}), '%')
				</if>
				<if test="desc != null and desc !=''">
				     a.`desc` = #{desc} and
				</if>
				<if test="createTime != null and createTime !=''">
				     a.`create_time` = #{createTime} and
				</if>
				<if test="createUserId != null and createUserId !=''">
				     a.`create_user_id` = #{createUserId} and
				</if>
				<if test="createUserName != null and createUserName !=''">
				     create_user.`user_name` like CONCAT(CONCAT('%', #{createUserName}), '%') and
				</if>
				<if test="updateTime != null and updateTime !=''">
				     a.`update_time` = #{updateTime} and
				</if>
				<if test="updateUserId != null and updateUserId !=''">
				     a.`update_user_id` = #{updateUserId} and
				</if>
				<if test="updateUserName != null and updateUserName !=''">
				     update_user.`user_name` like CONCAT(CONCAT('%', #{updateUserName}), '%') and
				</if>
				<if test="remark != null and remark !=''">
				     a.`remark` = #{remark} and
				</if>
			</trim>
		</where>
		
		order by a.`update_time` desc

	</select>

</mapper>