<?xml version="1.0" encoding="UTF-8"?>
<!DOCTYPE mapper PUBLIC "-//mybatis.org//DTD Mapper 3.0//EN" "http://mybatis.org/dtd/mybatis-3-mapper.dtd">
<mapper namespace="com.colodoo.framework.manager.log.service.LogMapper">
  <resultMap id="BaseResultMap" type="com.colodoo.framework.manager.log.model.Log">
    <id column="log_id" jdbcType="VARCHAR" property="logId" />
    <result column="log_type" jdbcType="VARCHAR" property="logType" />
    <result column="log_source" jdbcType="VARCHAR" property="logSource" />
    <result column="log_content" jdbcType="VARCHAR" property="logContent" />
    <result column="create_time" jdbcType="TIMESTAMP" property="createTime" />
  </resultMap>
  <sql id="Example_Where_Clause">
    <where>
      <foreach collection="oredCriteria" item="criteria" separator="or">
        <if test="criteria.valid">
          <trim prefix="(" prefixOverrides="and" suffix=")">
            <foreach collection="criteria.criteria" item="criterion">
              <choose>
                <when test="criterion.noValue">
                  and ${criterion.condition}
                </when>
                <when test="criterion.singleValue">
                  and ${criterion.condition} #{criterion.value}
                </when>
                <when test="criterion.betweenValue">
                  and ${criterion.condition} #{criterion.value} and #{criterion.secondValue}
                </when>
                <when test="criterion.listValue">
                  and ${criterion.condition}
                  <foreach close=")" collection="criterion.value" item="listItem" open="(" separator=",">
                    #{listItem}
                  </foreach>
                </when>
              </choose>
            </foreach>
          </trim>
        </if>
      </foreach>
    </where>
  </sql>
  <sql id="Update_By_Example_Where_Clause">
    <where>
      <foreach collection="example.oredCriteria" item="criteria" separator="or">
        <if test="criteria.valid">
          <trim prefix="(" prefixOverrides="and" suffix=")">
            <foreach collection="criteria.criteria" item="criterion">
              <choose>
                <when test="criterion.noValue">
                  and ${criterion.condition}
                </when>
                <when test="criterion.singleValue">
                  and ${criterion.condition} #{criterion.value}
                </when>
                <when test="criterion.betweenValue">
                  and ${criterion.condition} #{criterion.value} and #{criterion.secondValue}
                </when>
                <when test="criterion.listValue">
                  and ${criterion.condition}
                  <foreach close=")" collection="criterion.value" item="listItem" open="(" separator=",">
                    #{listItem}
                  </foreach>
                </when>
              </choose>
            </foreach>
          </trim>
        </if>
      </foreach>
    </where>
  </sql>
  <sql id="Base_Column_List">
    log_id, log_type, log_source, log_content, create_time
  </sql>
  <select id="selectByExample" parameterType="com.colodoo.framework.manager.log.model.LogExample" resultMap="BaseResultMap">
    select
    <if test="distinct">
      distinct
    </if>
    <include refid="Base_Column_List" />
    from log
    <if test="_parameter != null">
      <include refid="Example_Where_Clause" />
    </if>
    <if test="orderByClause != null">
      order by ${orderByClause}
    </if>
  </select>
  <select id="selectByPrimaryKey" parameterType="java.lang.String" resultMap="BaseResultMap">
    select 
    <include refid="Base_Column_List" />
    from log
    where log_id = #{logId,jdbcType=VARCHAR}
  </select>
  <delete id="deleteByPrimaryKey" parameterType="java.lang.String">
    delete from log
    where log_id = #{logId,jdbcType=VARCHAR}
  </delete>
  <delete id="deleteByExample" parameterType="com.colodoo.framework.manager.log.model.LogExample">
    delete from log
    <if test="_parameter != null">
      <include refid="Example_Where_Clause" />
    </if>
  </delete>
  <insert id="insert" parameterType="com.colodoo.framework.manager.log.model.Log">
    insert into log (log_id, log_type, log_source, 
      log_content, create_time)
    values (#{logId,jdbcType=VARCHAR}, #{logType,jdbcType=VARCHAR}, #{logSource,jdbcType=VARCHAR}, 
      #{logContent,jdbcType=VARCHAR}, #{createTime,jdbcType=TIMESTAMP})
  </insert>
  <insert id="insertSelective" parameterType="com.colodoo.framework.manager.log.model.Log">
    insert into log
    <trim prefix="(" suffix=")" suffixOverrides=",">
      <if test="logId != null">
        log_id,
      </if>
      <if test="logType != null">
        log_type,
      </if>
      <if test="logSource != null">
        log_source,
      </if>
      <if test="logContent != null">
        log_content,
      </if>
      <if test="createTime != null">
        create_time,
      </if>
    </trim>
    <trim prefix="values (" suffix=")" suffixOverrides=",">
      <if test="logId != null">
        #{logId,jdbcType=VARCHAR},
      </if>
      <if test="logType != null">
        #{logType,jdbcType=VARCHAR},
      </if>
      <if test="logSource != null">
        #{logSource,jdbcType=VARCHAR},
      </if>
      <if test="logContent != null">
        #{logContent,jdbcType=VARCHAR},
      </if>
      <if test="createTime != null">
        #{createTime,jdbcType=TIMESTAMP},
      </if>
    </trim>
  </insert>
  <select id="countByExample" parameterType="com.colodoo.framework.manager.log.model.LogExample" resultType="java.lang.Long">
    select count(*) from log
    <if test="_parameter != null">
      <include refid="Example_Where_Clause" />
    </if>
  </select>
  <update id="updateByExampleSelective" parameterType="map">
    update log
    <set>
      <if test="record.logId != null">
        log_id = #{record.logId,jdbcType=VARCHAR},
      </if>
      <if test="record.logType != null">
        log_type = #{record.logType,jdbcType=VARCHAR},
      </if>
      <if test="record.logSource != null">
        log_source = #{record.logSource,jdbcType=VARCHAR},
      </if>
      <if test="record.logContent != null">
        log_content = #{record.logContent,jdbcType=VARCHAR},
      </if>
      <if test="record.createTime != null">
        create_time = #{record.createTime,jdbcType=TIMESTAMP},
      </if>
    </set>
    <if test="_parameter != null">
      <include refid="Update_By_Example_Where_Clause" />
    </if>
  </update>
  <update id="updateByExample" parameterType="map">
    update log
    set log_id = #{record.logId,jdbcType=VARCHAR},
      log_type = #{record.logType,jdbcType=VARCHAR},
      log_source = #{record.logSource,jdbcType=VARCHAR},
      log_content = #{record.logContent,jdbcType=VARCHAR},
      create_time = #{record.createTime,jdbcType=TIMESTAMP}
    <if test="_parameter != null">
      <include refid="Update_By_Example_Where_Clause" />
    </if>
  </update>
  <update id="updateByPrimaryKeySelective" parameterType="com.colodoo.framework.manager.log.model.Log">
    update log
    <set>
      <if test="logType != null">
        log_type = #{logType,jdbcType=VARCHAR},
      </if>
      <if test="logSource != null">
        log_source = #{logSource,jdbcType=VARCHAR},
      </if>
      <if test="logContent != null">
        log_content = #{logContent,jdbcType=VARCHAR},
      </if>
      <if test="createTime != null">
        create_time = #{createTime,jdbcType=TIMESTAMP},
      </if>
    </set>
    where log_id = #{logId,jdbcType=VARCHAR}
  </update>
  <update id="updateByPrimaryKey" parameterType="com.colodoo.framework.manager.log.model.Log">
    update log
    set log_type = #{logType,jdbcType=VARCHAR},
      log_source = #{logSource,jdbcType=VARCHAR},
      log_content = #{logContent,jdbcType=VARCHAR},
      create_time = #{createTime,jdbcType=TIMESTAMP}
    where log_id = #{logId,jdbcType=VARCHAR}
  </update>
</mapper>