<?xml version="1.0" encoding="UTF-8"?>
<!DOCTYPE mapper PUBLIC "-//mybatis.org//DTD Mapper 3.0//EN" "http://mybatis.org/dtd/mybatis-3-mapper.dtd">
<mapper namespace="com.colodoo.manager.task.taskLogDet.service.TaskLogDetMapper">
  <resultMap id="BaseResultMap" type="com.colodoo.manager.task.taskLogDet.model.TaskLogDet">
    <id column="task_log_det_id" jdbcType="VARCHAR" property="taskLogDetId" />
    <result column="task_log_id" jdbcType="VARCHAR" property="taskLogId" />
    <result column="task_log_det_key" jdbcType="VARCHAR" property="taskLogDetKey" />
    <result column="task_log_det_value" jdbcType="VARCHAR" property="taskLogDetValue" />
    <result column="create_time" jdbcType="TIMESTAMP" property="createTime" />
    <result column="create_user_id" jdbcType="VARCHAR" property="createUserId" />
    <result column="update_time" jdbcType="TIMESTAMP" property="updateTime" />
    <result column="remark" jdbcType="VARCHAR" property="remark" />
  </resultMap>
  <sql id="Example_Where_Clause">
    <where>
      <foreach collection="oredCriteria" item="criteria" separator="or">
        <if test="criteria.valid">
          <trim prefix="(" prefixOverrides="and" suffix=")">
            <foreach collection="criteria.criteria" item="criterion">
              <choose>
                <when test="criterion.noValue">
                  and ${criterion.condition}
                </when>
                <when test="criterion.singleValue">
                  and ${criterion.condition} #{criterion.value}
                </when>
                <when test="criterion.betweenValue">
                  and ${criterion.condition} #{criterion.value} and #{criterion.secondValue}
                </when>
                <when test="criterion.listValue">
                  and ${criterion.condition}
                  <foreach close=")" collection="criterion.value" item="listItem" open="(" separator=",">
                    #{listItem}
                  </foreach>
                </when>
              </choose>
            </foreach>
          </trim>
        </if>
      </foreach>
    </where>
  </sql>
  <sql id="Update_By_Example_Where_Clause">
    <where>
      <foreach collection="example.oredCriteria" item="criteria" separator="or">
        <if test="criteria.valid">
          <trim prefix="(" prefixOverrides="and" suffix=")">
            <foreach collection="criteria.criteria" item="criterion">
              <choose>
                <when test="criterion.noValue">
                  and ${criterion.condition}
                </when>
                <when test="criterion.singleValue">
                  and ${criterion.condition} #{criterion.value}
                </when>
                <when test="criterion.betweenValue">
                  and ${criterion.condition} #{criterion.value} and #{criterion.secondValue}
                </when>
                <when test="criterion.listValue">
                  and ${criterion.condition}
                  <foreach close=")" collection="criterion.value" item="listItem" open="(" separator=",">
                    #{listItem}
                  </foreach>
                </when>
              </choose>
            </foreach>
          </trim>
        </if>
      </foreach>
    </where>
  </sql>
  <sql id="Base_Column_List">
    task_log_det_id, task_log_id, task_log_det_key, task_log_det_value, create_time, 
    create_user_id, update_time, remark
  </sql>
  <select id="selectByExample" parameterType="com.colodoo.manager.task.taskLogDet.model.TaskLogDetExample" resultMap="BaseResultMap">
    select
    <if test="distinct">
      distinct
    </if>
    <include refid="Base_Column_List" />
    from task_log_det
    <if test="_parameter != null">
      <include refid="Example_Where_Clause" />
    </if>
    <if test="orderByClause != null">
      order by ${orderByClause}
    </if>
  </select>
  <select id="selectByPrimaryKey" parameterType="java.lang.String" resultMap="BaseResultMap">
    select 
    <include refid="Base_Column_List" />
    from task_log_det
    where task_log_det_id = #{taskLogDetId,jdbcType=VARCHAR}
  </select>
  <delete id="deleteByPrimaryKey" parameterType="java.lang.String">
    delete from task_log_det
    where task_log_det_id = #{taskLogDetId,jdbcType=VARCHAR}
  </delete>
  <delete id="deleteByExample" parameterType="com.colodoo.manager.task.taskLogDet.model.TaskLogDetExample">
    delete from task_log_det
    <if test="_parameter != null">
      <include refid="Example_Where_Clause" />
    </if>
  </delete>
  <insert id="insert" parameterType="com.colodoo.manager.task.taskLogDet.model.TaskLogDet">
    insert into task_log_det (task_log_det_id, task_log_id, task_log_det_key, 
      task_log_det_value, create_time, create_user_id, 
      update_time, remark)
    values (#{taskLogDetId,jdbcType=VARCHAR}, #{taskLogId,jdbcType=VARCHAR}, #{taskLogDetKey,jdbcType=VARCHAR}, 
      #{taskLogDetValue,jdbcType=VARCHAR}, #{createTime,jdbcType=TIMESTAMP}, #{createUserId,jdbcType=VARCHAR}, 
      #{updateTime,jdbcType=TIMESTAMP}, #{remark,jdbcType=VARCHAR})
  </insert>
  <insert id="insertSelective" parameterType="com.colodoo.manager.task.taskLogDet.model.TaskLogDet">
    insert into task_log_det
    <trim prefix="(" suffix=")" suffixOverrides=",">
      <if test="taskLogDetId != null">
        task_log_det_id,
      </if>
      <if test="taskLogId != null">
        task_log_id,
      </if>
      <if test="taskLogDetKey != null">
        task_log_det_key,
      </if>
      <if test="taskLogDetValue != null">
        task_log_det_value,
      </if>
      <if test="createTime != null">
        create_time,
      </if>
      <if test="createUserId != null">
        create_user_id,
      </if>
      <if test="updateTime != null">
        update_time,
      </if>
      <if test="remark != null">
        remark,
      </if>
    </trim>
    <trim prefix="values (" suffix=")" suffixOverrides=",">
      <if test="taskLogDetId != null">
        #{taskLogDetId,jdbcType=VARCHAR},
      </if>
      <if test="taskLogId != null">
        #{taskLogId,jdbcType=VARCHAR},
      </if>
      <if test="taskLogDetKey != null">
        #{taskLogDetKey,jdbcType=VARCHAR},
      </if>
      <if test="taskLogDetValue != null">
        #{taskLogDetValue,jdbcType=VARCHAR},
      </if>
      <if test="createTime != null">
        #{createTime,jdbcType=TIMESTAMP},
      </if>
      <if test="createUserId != null">
        #{createUserId,jdbcType=VARCHAR},
      </if>
      <if test="updateTime != null">
        #{updateTime,jdbcType=TIMESTAMP},
      </if>
      <if test="remark != null">
        #{remark,jdbcType=VARCHAR},
      </if>
    </trim>
  </insert>
  <select id="countByExample" parameterType="com.colodoo.manager.task.taskLogDet.model.TaskLogDetExample" resultType="java.lang.Long">
    select count(*) from task_log_det
    <if test="_parameter != null">
      <include refid="Example_Where_Clause" />
    </if>
  </select>
  <update id="updateByExampleSelective" parameterType="map">
    update task_log_det
    <set>
      <if test="record.taskLogDetId != null">
        task_log_det_id = #{record.taskLogDetId,jdbcType=VARCHAR},
      </if>
      <if test="record.taskLogId != null">
        task_log_id = #{record.taskLogId,jdbcType=VARCHAR},
      </if>
      <if test="record.taskLogDetKey != null">
        task_log_det_key = #{record.taskLogDetKey,jdbcType=VARCHAR},
      </if>
      <if test="record.taskLogDetValue != null">
        task_log_det_value = #{record.taskLogDetValue,jdbcType=VARCHAR},
      </if>
      <if test="record.createTime != null">
        create_time = #{record.createTime,jdbcType=TIMESTAMP},
      </if>
      <if test="record.createUserId != null">
        create_user_id = #{record.createUserId,jdbcType=VARCHAR},
      </if>
      <if test="record.updateTime != null">
        update_time = #{record.updateTime,jdbcType=TIMESTAMP},
      </if>
      <if test="record.remark != null">
        remark = #{record.remark,jdbcType=VARCHAR},
      </if>
    </set>
    <if test="_parameter != null">
      <include refid="Update_By_Example_Where_Clause" />
    </if>
  </update>
  <update id="updateByExample" parameterType="map">
    update task_log_det
    set task_log_det_id = #{record.taskLogDetId,jdbcType=VARCHAR},
      task_log_id = #{record.taskLogId,jdbcType=VARCHAR},
      task_log_det_key = #{record.taskLogDetKey,jdbcType=VARCHAR},
      task_log_det_value = #{record.taskLogDetValue,jdbcType=VARCHAR},
      create_time = #{record.createTime,jdbcType=TIMESTAMP},
      create_user_id = #{record.createUserId,jdbcType=VARCHAR},
      update_time = #{record.updateTime,jdbcType=TIMESTAMP},
      remark = #{record.remark,jdbcType=VARCHAR}
    <if test="_parameter != null">
      <include refid="Update_By_Example_Where_Clause" />
    </if>
  </update>
  <update id="updateByPrimaryKeySelective" parameterType="com.colodoo.manager.task.taskLogDet.model.TaskLogDet">
    update task_log_det
    <set>
      <if test="taskLogId != null">
        task_log_id = #{taskLogId,jdbcType=VARCHAR},
      </if>
      <if test="taskLogDetKey != null">
        task_log_det_key = #{taskLogDetKey,jdbcType=VARCHAR},
      </if>
      <if test="taskLogDetValue != null">
        task_log_det_value = #{taskLogDetValue,jdbcType=VARCHAR},
      </if>
      <if test="createTime != null">
        create_time = #{createTime,jdbcType=TIMESTAMP},
      </if>
      <if test="createUserId != null">
        create_user_id = #{createUserId,jdbcType=VARCHAR},
      </if>
      <if test="updateTime != null">
        update_time = #{updateTime,jdbcType=TIMESTAMP},
      </if>
      <if test="remark != null">
        remark = #{remark,jdbcType=VARCHAR},
      </if>
    </set>
    where task_log_det_id = #{taskLogDetId,jdbcType=VARCHAR}
  </update>
  <update id="updateByPrimaryKey" parameterType="com.colodoo.manager.task.taskLogDet.model.TaskLogDet">
    update task_log_det
    set task_log_id = #{taskLogId,jdbcType=VARCHAR},
      task_log_det_key = #{taskLogDetKey,jdbcType=VARCHAR},
      task_log_det_value = #{taskLogDetValue,jdbcType=VARCHAR},
      create_time = #{createTime,jdbcType=TIMESTAMP},
      create_user_id = #{createUserId,jdbcType=VARCHAR},
      update_time = #{updateTime,jdbcType=TIMESTAMP},
      remark = #{remark,jdbcType=VARCHAR}
    where task_log_det_id = #{taskLogDetId,jdbcType=VARCHAR}
  </update>
</mapper>