<?xml version="1.0" encoding="UTF-8"?>
<!DOCTYPE mapper PUBLIC "-//mybatis.org//DTD Mapper 3.0//EN" "http://mybatis.org/dtd/mybatis-3-mapper.dtd">
<mapper namespace="com.colodoo.framework.manager.user.service.UserMapper">
  <resultMap id="BaseResultMap" type="com.colodoo.framework.manager.user.model.User">
    <id column="user_id" jdbcType="VARCHAR" property="userId" />
    <result column="user_name" jdbcType="VARCHAR" property="userName" />
    <result column="password" jdbcType="VARCHAR" property="password" />
    <result column="create_date" jdbcType="TIMESTAMP" property="createDate" />
    <result column="last_date" jdbcType="TIMESTAMP" property="lastDate" />
    <result column="try_count" jdbcType="INTEGER" property="tryCount" />
    <result column="enable" jdbcType="TINYINT" property="enable" />
  </resultMap>
  <sql id="Example_Where_Clause">
    <where>
      <foreach collection="oredCriteria" item="criteria" separator="or">
        <if test="criteria.valid">
          <trim prefix="(" prefixOverrides="and" suffix=")">
            <foreach collection="criteria.criteria" item="criterion">
              <choose>
                <when test="criterion.noValue">
                  and ${criterion.condition}
                </when>
                <when test="criterion.singleValue">
                  and ${criterion.condition} #{criterion.value}
                </when>
                <when test="criterion.betweenValue">
                  and ${criterion.condition} #{criterion.value} and #{criterion.secondValue}
                </when>
                <when test="criterion.listValue">
                  and ${criterion.condition}
                  <foreach close=")" collection="criterion.value" item="listItem" open="(" separator=",">
                    #{listItem}
                  </foreach>
                </when>
              </choose>
            </foreach>
          </trim>
        </if>
      </foreach>
    </where>
  </sql>
  <sql id="Update_By_Example_Where_Clause">
    <where>
      <foreach collection="example.oredCriteria" item="criteria" separator="or">
        <if test="criteria.valid">
          <trim prefix="(" prefixOverrides="and" suffix=")">
            <foreach collection="criteria.criteria" item="criterion">
              <choose>
                <when test="criterion.noValue">
                  and ${criterion.condition}
                </when>
                <when test="criterion.singleValue">
                  and ${criterion.condition} #{criterion.value}
                </when>
                <when test="criterion.betweenValue">
                  and ${criterion.condition} #{criterion.value} and #{criterion.secondValue}
                </when>
                <when test="criterion.listValue">
                  and ${criterion.condition}
                  <foreach close=")" collection="criterion.value" item="listItem" open="(" separator=",">
                    #{listItem}
                  </foreach>
                </when>
              </choose>
            </foreach>
          </trim>
        </if>
      </foreach>
    </where>
  </sql>
  <sql id="Base_Column_List">
    user_id, user_name, password, create_date, last_date, try_count, enable
  </sql>
  <select id="selectByExample" parameterType="com.colodoo.framework.manager.user.model.UserExample" resultMap="BaseResultMap">
    select
    <if test="distinct">
      distinct
    </if>
    <include refid="Base_Column_List" />
    from user
    <if test="_parameter != null">
      <include refid="Example_Where_Clause" />
    </if>
    <if test="orderByClause != null">
      order by ${orderByClause}
    </if>
  </select>
  <select id="selectByPrimaryKey" parameterType="java.lang.String" resultMap="BaseResultMap">
    select 
    <include refid="Base_Column_List" />
    from user
    where user_id = #{userId,jdbcType=VARCHAR}
  </select>
  <delete id="deleteByPrimaryKey" parameterType="java.lang.String">
    delete from user
    where user_id = #{userId,jdbcType=VARCHAR}
  </delete>
  <delete id="deleteByExample" parameterType="com.colodoo.framework.manager.user.model.UserExample">
    delete from user
    <if test="_parameter != null">
      <include refid="Example_Where_Clause" />
    </if>
  </delete>
  <insert id="insert" parameterType="com.colodoo.framework.manager.user.model.User">
    insert into user (user_id, user_name, password, 
      create_date, last_date, try_count, 
      enable)
    values (#{userId,jdbcType=VARCHAR}, #{userName,jdbcType=VARCHAR}, #{password,jdbcType=VARCHAR}, 
      #{createDate,jdbcType=TIMESTAMP}, #{lastDate,jdbcType=TIMESTAMP}, #{tryCount,jdbcType=INTEGER}, 
      #{enable,jdbcType=TINYINT})
  </insert>
  <insert id="insertSelective" parameterType="com.colodoo.framework.manager.user.model.User">
    insert into user
    <trim prefix="(" suffix=")" suffixOverrides=",">
      <if test="userId != null">
        user_id,
      </if>
      <if test="userName != null">
        user_name,
      </if>
      <if test="password != null">
        password,
      </if>
      <if test="createDate != null">
        create_date,
      </if>
      <if test="lastDate != null">
        last_date,
      </if>
      <if test="tryCount != null">
        try_count,
      </if>
      <if test="enable != null">
        enable,
      </if>
    </trim>
    <trim prefix="values (" suffix=")" suffixOverrides=",">
      <if test="userId != null">
        #{userId,jdbcType=VARCHAR},
      </if>
      <if test="userName != null">
        #{userName,jdbcType=VARCHAR},
      </if>
      <if test="password != null">
        #{password,jdbcType=VARCHAR},
      </if>
      <if test="createDate != null">
        #{createDate,jdbcType=TIMESTAMP},
      </if>
      <if test="lastDate != null">
        #{lastDate,jdbcType=TIMESTAMP},
      </if>
      <if test="tryCount != null">
        #{tryCount,jdbcType=INTEGER},
      </if>
      <if test="enable != null">
        #{enable,jdbcType=TINYINT},
      </if>
    </trim>
  </insert>
  <select id="countByExample" parameterType="com.colodoo.framework.manager.user.model.UserExample" resultType="java.lang.Long">
    select count(*) from user
    <if test="_parameter != null">
      <include refid="Example_Where_Clause" />
    </if>
  </select>
  <update id="updateByExampleSelective" parameterType="map">
    update user
    <set>
      <if test="record.userId != null">
        user_id = #{record.userId,jdbcType=VARCHAR},
      </if>
      <if test="record.userName != null">
        user_name = #{record.userName,jdbcType=VARCHAR},
      </if>
      <if test="record.password != null">
        password = #{record.password,jdbcType=VARCHAR},
      </if>
      <if test="record.createDate != null">
        create_date = #{record.createDate,jdbcType=TIMESTAMP},
      </if>
      <if test="record.lastDate != null">
        last_date = #{record.lastDate,jdbcType=TIMESTAMP},
      </if>
      <if test="record.tryCount != null">
        try_count = #{record.tryCount,jdbcType=INTEGER},
      </if>
      <if test="record.enable != null">
        enable = #{record.enable,jdbcType=TINYINT},
      </if>
    </set>
    <if test="_parameter != null">
      <include refid="Update_By_Example_Where_Clause" />
    </if>
  </update>
  <update id="updateByExample" parameterType="map">
    update user
    set user_id = #{record.userId,jdbcType=VARCHAR},
      user_name = #{record.userName,jdbcType=VARCHAR},
      password = #{record.password,jdbcType=VARCHAR},
      create_date = #{record.createDate,jdbcType=TIMESTAMP},
      last_date = #{record.lastDate,jdbcType=TIMESTAMP},
      try_count = #{record.tryCount,jdbcType=INTEGER},
      enable = #{record.enable,jdbcType=TINYINT}
    <if test="_parameter != null">
      <include refid="Update_By_Example_Where_Clause" />
    </if>
  </update>
  <update id="updateByPrimaryKeySelective" parameterType="com.colodoo.framework.manager.user.model.User">
    update user
    <set>
      <if test="userName != null">
        user_name = #{userName,jdbcType=VARCHAR},
      </if>
      <if test="password != null">
        password = #{password,jdbcType=VARCHAR},
      </if>
      <if test="createDate != null">
        create_date = #{createDate,jdbcType=TIMESTAMP},
      </if>
      <if test="lastDate != null">
        last_date = #{lastDate,jdbcType=TIMESTAMP},
      </if>
      <if test="tryCount != null">
        try_count = #{tryCount,jdbcType=INTEGER},
      </if>
      <if test="enable != null">
        enable = #{enable,jdbcType=TINYINT},
      </if>
    </set>
    where user_id = #{userId,jdbcType=VARCHAR}
  </update>
  <update id="updateByPrimaryKey" parameterType="com.colodoo.framework.manager.user.model.User">
    update user
    set user_name = #{userName,jdbcType=VARCHAR},
      password = #{password,jdbcType=VARCHAR},
      create_date = #{createDate,jdbcType=TIMESTAMP},
      last_date = #{lastDate,jdbcType=TIMESTAMP},
      try_count = #{tryCount,jdbcType=INTEGER},
      enable = #{enable,jdbcType=TINYINT}
    where user_id = #{userId,jdbcType=VARCHAR}
  </update>
</mapper>