<?xml version="1.0" encoding="UTF-8"?><!DOCTYPE generatorConfiguration PUBLIC
        "-//mybatis.org//DTD MyBatis Generator Configuration 1.0//EN"
        "http://mybatis.org/dtd/mybatis-generator-config_1_0.dtd">
<generatorConfiguration>

    <context id="DB2Tables" targetRuntime="MyBatis3">
    
    	<property name="autoDelimitKeywords" value="true"/>

        <property name="beginningDelimiter" value="`"/>
		<property name="endingDelimiter" value="`"/>

		<property name="beginningDelimiter" value="`"/>
		<property name="endingDelimiter" value="`"/>
    
        <!--覆盖插件-->
        <plugin type="com.colodoo.framework.creater.plugin.OverIsMergeablePlugin"></plugin>

        <!-- <commentGenerator>
            <property name="suppressAllComments" value="true"/>
        </commentGenerator> -->
        <commentGenerator type="com.colodoo.framework.creater.plugin.CustomCommentGenerator"></commentGenerator>
        <!--需要配置数据库连接-->
        <jdbcConnection driverClass="com.mysql.jdbc.Driver"
                        connectionURL="jdbc:mysql://127.0.0.1:3306/lanb_wvs?useUnicode=true&amp;characterEncoding=utf-8&amp;useSSL=false"
                        userId="root"
                        password="123456"
        >
        </jdbcConnection>

        <javaTypeResolver>
            <property name="forceBigDecimals" value="false"/>
        </javaTypeResolver>

        <!--指定javaBean生成的位置 javaBean生成的位置-->
        <javaModelGenerator targetPackage="com.colodoo.manager.client.model" targetProject="./src/main/java">
            <property name="enableSubPackages" value="true"/>
            <property name="trimStrings" value="true"/>
        </javaModelGenerator>

        <!--sql映射文件生成的位置-->
        <sqlMapGenerator targetPackage="com.colodoo.manager.client.service" targetProject="./src/main/java">
            <property name="enableSubPackages" value="true"/>
        </sqlMapGenerator>

        <!--指定dao接口生成的位置-->
        <javaClientGenerator type="XMLMAPPER" targetPackage="com.colodoo.manager.client.service"
                             targetProject="./src/main/java">
            <property name="enableSubPackages" value="true"/>
        </javaClientGenerator>

        <!--table是指定每个表的生成策略-->
        <table tableName="tb_user" domainObjectName="TbUser"></table>

    </context>
</generatorConfiguration>