<?xml version="1.0" encoding="UTF-8"?>
<!DOCTYPE mapper PUBLIC "-//mybatis.org//DTD Mapper 3.0//EN" "http://mybatis.org/dtd/mybatis-3-mapper.dtd">
<mapper namespace="com.colodoo.manager.asset.service.AssetMapper">
  <resultMap id="BaseResultMap" type="com.colodoo.manager.asset.model.Asset">
    <id column="asset_id" jdbcType="VARCHAR" property="assetId" />
    <result column="asset_name" jdbcType="VARCHAR" property="assetName" />
    <result column="create_time" jdbcType="TIMESTAMP" property="createTime" />
    <result column="create_user_id" jdbcType="VARCHAR" property="createUserId" />
    <result column="update_time" jdbcType="TIMESTAMP" property="updateTime" />
    <result column="update_user_id" jdbcType="VARCHAR" property="updateUserId" />
    <result column="remark" jdbcType="VARCHAR" property="remark" />
  </resultMap>
  <sql id="Example_Where_Clause">
    <where>
      <foreach collection="oredCriteria" item="criteria" separator="or">
        <if test="criteria.valid">
          <trim prefix="(" prefixOverrides="and" suffix=")">
            <foreach collection="criteria.criteria" item="criterion">
              <choose>
                <when test="criterion.noValue">
                  and ${criterion.condition}
                </when>
                <when test="criterion.singleValue">
                  and ${criterion.condition} #{criterion.value}
                </when>
                <when test="criterion.betweenValue">
                  and ${criterion.condition} #{criterion.value} and #{criterion.secondValue}
                </when>
                <when test="criterion.listValue">
                  and ${criterion.condition}
                  <foreach close=")" collection="criterion.value" item="listItem" open="(" separator=",">
                    #{listItem}
                  </foreach>
                </when>
              </choose>
            </foreach>
          </trim>
        </if>
      </foreach>
    </where>
  </sql>
  <sql id="Update_By_Example_Where_Clause">
    <where>
      <foreach collection="example.oredCriteria" item="criteria" separator="or">
        <if test="criteria.valid">
          <trim prefix="(" prefixOverrides="and" suffix=")">
            <foreach collection="criteria.criteria" item="criterion">
              <choose>
                <when test="criterion.noValue">
                  and ${criterion.condition}
                </when>
                <when test="criterion.singleValue">
                  and ${criterion.condition} #{criterion.value}
                </when>
                <when test="criterion.betweenValue">
                  and ${criterion.condition} #{criterion.value} and #{criterion.secondValue}
                </when>
                <when test="criterion.listValue">
                  and ${criterion.condition}
                  <foreach close=")" collection="criterion.value" item="listItem" open="(" separator=",">
                    #{listItem}
                  </foreach>
                </when>
              </choose>
            </foreach>
          </trim>
        </if>
      </foreach>
    </where>
  </sql>
  <sql id="Base_Column_List">
    asset_id, asset_name, create_time, create_user_id, update_time, update_user_id, remark
  </sql>
  <select id="selectByExample" parameterType="com.colodoo.manager.asset.model.AssetExample" resultMap="BaseResultMap">
    select
    <if test="distinct">
      distinct
    </if>
    <include refid="Base_Column_List" />
    from asset
    <if test="_parameter != null">
      <include refid="Example_Where_Clause" />
    </if>
    <if test="orderByClause != null">
      order by ${orderByClause}
    </if>
  </select>
  <select id="selectByPrimaryKey" parameterType="java.lang.String" resultMap="BaseResultMap">
    select 
    <include refid="Base_Column_List" />
    from asset
    where asset_id = #{assetId,jdbcType=VARCHAR}
  </select>
  <delete id="deleteByPrimaryKey" parameterType="java.lang.String">
    delete from asset
    where asset_id = #{assetId,jdbcType=VARCHAR}
  </delete>
  <delete id="deleteByExample" parameterType="com.colodoo.manager.asset.model.AssetExample">
    delete from asset
    <if test="_parameter != null">
      <include refid="Example_Where_Clause" />
    </if>
  </delete>
  <insert id="insert" parameterType="com.colodoo.manager.asset.model.Asset">
    insert into asset (asset_id, asset_name, create_time, 
      create_user_id, update_time, update_user_id, 
      remark)
    values (#{assetId,jdbcType=VARCHAR}, #{assetName,jdbcType=VARCHAR}, #{createTime,jdbcType=TIMESTAMP}, 
      #{createUserId,jdbcType=VARCHAR}, #{updateTime,jdbcType=TIMESTAMP}, #{updateUserId,jdbcType=VARCHAR}, 
      #{remark,jdbcType=VARCHAR})
  </insert>
  <insert id="insertSelective" parameterType="com.colodoo.manager.asset.model.Asset">
    insert into asset
    <trim prefix="(" suffix=")" suffixOverrides=",">
      <if test="assetId != null">
        asset_id,
      </if>
      <if test="assetName != null">
        asset_name,
      </if>
      <if test="createTime != null">
        create_time,
      </if>
      <if test="createUserId != null">
        create_user_id,
      </if>
      <if test="updateTime != null">
        update_time,
      </if>
      <if test="updateUserId != null">
        update_user_id,
      </if>
      <if test="remark != null">
        remark,
      </if>
    </trim>
    <trim prefix="values (" suffix=")" suffixOverrides=",">
      <if test="assetId != null">
        #{assetId,jdbcType=VARCHAR},
      </if>
      <if test="assetName != null">
        #{assetName,jdbcType=VARCHAR},
      </if>
      <if test="createTime != null">
        #{createTime,jdbcType=TIMESTAMP},
      </if>
      <if test="createUserId != null">
        #{createUserId,jdbcType=VARCHAR},
      </if>
      <if test="updateTime != null">
        #{updateTime,jdbcType=TIMESTAMP},
      </if>
      <if test="updateUserId != null">
        #{updateUserId,jdbcType=VARCHAR},
      </if>
      <if test="remark != null">
        #{remark,jdbcType=VARCHAR},
      </if>
    </trim>
  </insert>
  <select id="countByExample" parameterType="com.colodoo.manager.asset.model.AssetExample" resultType="java.lang.Long">
    select count(*) from asset
    <if test="_parameter != null">
      <include refid="Example_Where_Clause" />
    </if>
  </select>
  <update id="updateByExampleSelective" parameterType="map">
    update asset
    <set>
      <if test="record.assetId != null">
        asset_id = #{record.assetId,jdbcType=VARCHAR},
      </if>
      <if test="record.assetName != null">
        asset_name = #{record.assetName,jdbcType=VARCHAR},
      </if>
      <if test="record.createTime != null">
        create_time = #{record.createTime,jdbcType=TIMESTAMP},
      </if>
      <if test="record.createUserId != null">
        create_user_id = #{record.createUserId,jdbcType=VARCHAR},
      </if>
      <if test="record.updateTime != null">
        update_time = #{record.updateTime,jdbcType=TIMESTAMP},
      </if>
      <if test="record.updateUserId != null">
        update_user_id = #{record.updateUserId,jdbcType=VARCHAR},
      </if>
      <if test="record.remark != null">
        remark = #{record.remark,jdbcType=VARCHAR},
      </if>
    </set>
    <if test="_parameter != null">
      <include refid="Update_By_Example_Where_Clause" />
    </if>
  </update>
  <update id="updateByExample" parameterType="map">
    update asset
    set asset_id = #{record.assetId,jdbcType=VARCHAR},
      asset_name = #{record.assetName,jdbcType=VARCHAR},
      create_time = #{record.createTime,jdbcType=TIMESTAMP},
      create_user_id = #{record.createUserId,jdbcType=VARCHAR},
      update_time = #{record.updateTime,jdbcType=TIMESTAMP},
      update_user_id = #{record.updateUserId,jdbcType=VARCHAR},
      remark = #{record.remark,jdbcType=VARCHAR}
    <if test="_parameter != null">
      <include refid="Update_By_Example_Where_Clause" />
    </if>
  </update>
  <update id="updateByPrimaryKeySelective" parameterType="com.colodoo.manager.asset.model.Asset">
    update asset
    <set>
      <if test="assetName != null">
        asset_name = #{assetName,jdbcType=VARCHAR},
      </if>
      <if test="createTime != null">
        create_time = #{createTime,jdbcType=TIMESTAMP},
      </if>
      <if test="createUserId != null">
        create_user_id = #{createUserId,jdbcType=VARCHAR},
      </if>
      <if test="updateTime != null">
        update_time = #{updateTime,jdbcType=TIMESTAMP},
      </if>
      <if test="updateUserId != null">
        update_user_id = #{updateUserId,jdbcType=VARCHAR},
      </if>
      <if test="remark != null">
        remark = #{remark,jdbcType=VARCHAR},
      </if>
    </set>
    where asset_id = #{assetId,jdbcType=VARCHAR}
  </update>
  <update id="updateByPrimaryKey" parameterType="com.colodoo.manager.asset.model.Asset">
    update asset
    set asset_name = #{assetName,jdbcType=VARCHAR},
      create_time = #{createTime,jdbcType=TIMESTAMP},
      create_user_id = #{createUserId,jdbcType=VARCHAR},
      update_time = #{updateTime,jdbcType=TIMESTAMP},
      update_user_id = #{updateUserId,jdbcType=VARCHAR},
      remark = #{remark,jdbcType=VARCHAR}
    where asset_id = #{assetId,jdbcType=VARCHAR}
  </update>
</mapper>