<?xml version="1.0" encoding="UTF-8"?>
<!DOCTYPE mapper PUBLIC "-//mybatis.org//DTD Mapper 3.0//EN" "http://mybatis.org/dtd/mybatis-3-mapper.dtd">
<mapper namespace="com.colodoo.manager.scan.scanResult.service.ScanResultMapper">
  <resultMap id="BaseResultMap" type="com.colodoo.manager.scan.scanResult.model.ScanResult">
    <id column="scan_result_id" jdbcType="VARCHAR" property="scanResultId" />
    <result column="bug_id" jdbcType="VARCHAR" property="bugId" />
    <result column="asset_id" jdbcType="VARCHAR" property="assetId" />
    <result column="task_log_id" jdbcType="VARCHAR" property="taskLogId" />
    <result column="scan_result" jdbcType="VARCHAR" property="scanResult" />
    <result column="create_time" jdbcType="TIMESTAMP" property="createTime" />
    <result column="create_user_id" jdbcType="VARCHAR" property="createUserId" />
    <result column="update_time" jdbcType="TIMESTAMP" property="updateTime" />
    <result column="remark" jdbcType="VARCHAR" property="remark" />
  </resultMap>
  <sql id="Example_Where_Clause">
    <where>
      <foreach collection="oredCriteria" item="criteria" separator="or">
        <if test="criteria.valid">
          <trim prefix="(" prefixOverrides="and" suffix=")">
            <foreach collection="criteria.criteria" item="criterion">
              <choose>
                <when test="criterion.noValue">
                  and ${criterion.condition}
                </when>
                <when test="criterion.singleValue">
                  and ${criterion.condition} #{criterion.value}
                </when>
                <when test="criterion.betweenValue">
                  and ${criterion.condition} #{criterion.value} and #{criterion.secondValue}
                </when>
                <when test="criterion.listValue">
                  and ${criterion.condition}
                  <foreach close=")" collection="criterion.value" item="listItem" open="(" separator=",">
                    #{listItem}
                  </foreach>
                </when>
              </choose>
            </foreach>
          </trim>
        </if>
      </foreach>
    </where>
  </sql>
  <sql id="Update_By_Example_Where_Clause">
    <where>
      <foreach collection="example.oredCriteria" item="criteria" separator="or">
        <if test="criteria.valid">
          <trim prefix="(" prefixOverrides="and" suffix=")">
            <foreach collection="criteria.criteria" item="criterion">
              <choose>
                <when test="criterion.noValue">
                  and ${criterion.condition}
                </when>
                <when test="criterion.singleValue">
                  and ${criterion.condition} #{criterion.value}
                </when>
                <when test="criterion.betweenValue">
                  and ${criterion.condition} #{criterion.value} and #{criterion.secondValue}
                </when>
                <when test="criterion.listValue">
                  and ${criterion.condition}
                  <foreach close=")" collection="criterion.value" item="listItem" open="(" separator=",">
                    #{listItem}
                  </foreach>
                </when>
              </choose>
            </foreach>
          </trim>
        </if>
      </foreach>
    </where>
  </sql>
  <sql id="Base_Column_List">
    scan_result_id, bug_id, asset_id, task_log_id, scan_result, create_time, create_user_id, 
    update_time, remark
  </sql>
  <select id="selectByExample" parameterType="com.colodoo.manager.scan.scanResult.model.ScanResultExample" resultMap="BaseResultMap">
    select
    <if test="distinct">
      distinct
    </if>
    <include refid="Base_Column_List" />
    from scan_result
    <if test="_parameter != null">
      <include refid="Example_Where_Clause" />
    </if>
    <if test="orderByClause != null">
      order by ${orderByClause}
    </if>
  </select>
  <select id="selectByPrimaryKey" parameterType="java.lang.String" resultMap="BaseResultMap">
    select 
    <include refid="Base_Column_List" />
    from scan_result
    where scan_result_id = #{scanResultId,jdbcType=VARCHAR}
  </select>
  <delete id="deleteByPrimaryKey" parameterType="java.lang.String">
    delete from scan_result
    where scan_result_id = #{scanResultId,jdbcType=VARCHAR}
  </delete>
  <delete id="deleteByExample" parameterType="com.colodoo.manager.scan.scanResult.model.ScanResultExample">
    delete from scan_result
    <if test="_parameter != null">
      <include refid="Example_Where_Clause" />
    </if>
  </delete>
  <insert id="insert" parameterType="com.colodoo.manager.scan.scanResult.model.ScanResult">
    insert into scan_result (scan_result_id, bug_id, asset_id, 
      task_log_id, scan_result, create_time, 
      create_user_id, update_time, remark
      )
    values (#{scanResultId,jdbcType=VARCHAR}, #{bugId,jdbcType=VARCHAR}, #{assetId,jdbcType=VARCHAR}, 
      #{taskLogId,jdbcType=VARCHAR}, #{scanResult,jdbcType=VARCHAR}, #{createTime,jdbcType=TIMESTAMP}, 
      #{createUserId,jdbcType=VARCHAR}, #{updateTime,jdbcType=TIMESTAMP}, #{remark,jdbcType=VARCHAR}
      )
  </insert>
  <insert id="insertSelective" parameterType="com.colodoo.manager.scan.scanResult.model.ScanResult">
    insert into scan_result
    <trim prefix="(" suffix=")" suffixOverrides=",">
      <if test="scanResultId != null">
        scan_result_id,
      </if>
      <if test="bugId != null">
        bug_id,
      </if>
      <if test="assetId != null">
        asset_id,
      </if>
      <if test="taskLogId != null">
        task_log_id,
      </if>
      <if test="scanResult != null">
        scan_result,
      </if>
      <if test="createTime != null">
        create_time,
      </if>
      <if test="createUserId != null">
        create_user_id,
      </if>
      <if test="updateTime != null">
        update_time,
      </if>
      <if test="remark != null">
        remark,
      </if>
    </trim>
    <trim prefix="values (" suffix=")" suffixOverrides=",">
      <if test="scanResultId != null">
        #{scanResultId,jdbcType=VARCHAR},
      </if>
      <if test="bugId != null">
        #{bugId,jdbcType=VARCHAR},
      </if>
      <if test="assetId != null">
        #{assetId,jdbcType=VARCHAR},
      </if>
      <if test="taskLogId != null">
        #{taskLogId,jdbcType=VARCHAR},
      </if>
      <if test="scanResult != null">
        #{scanResult,jdbcType=VARCHAR},
      </if>
      <if test="createTime != null">
        #{createTime,jdbcType=TIMESTAMP},
      </if>
      <if test="createUserId != null">
        #{createUserId,jdbcType=VARCHAR},
      </if>
      <if test="updateTime != null">
        #{updateTime,jdbcType=TIMESTAMP},
      </if>
      <if test="remark != null">
        #{remark,jdbcType=VARCHAR},
      </if>
    </trim>
  </insert>
  <select id="countByExample" parameterType="com.colodoo.manager.scan.scanResult.model.ScanResultExample" resultType="java.lang.Long">
    select count(*) from scan_result
    <if test="_parameter != null">
      <include refid="Example_Where_Clause" />
    </if>
  </select>
  <update id="updateByExampleSelective" parameterType="map">
    update scan_result
    <set>
      <if test="record.scanResultId != null">
        scan_result_id = #{record.scanResultId,jdbcType=VARCHAR},
      </if>
      <if test="record.bugId != null">
        bug_id = #{record.bugId,jdbcType=VARCHAR},
      </if>
      <if test="record.assetId != null">
        asset_id = #{record.assetId,jdbcType=VARCHAR},
      </if>
      <if test="record.taskLogId != null">
        task_log_id = #{record.taskLogId,jdbcType=VARCHAR},
      </if>
      <if test="record.scanResult != null">
        scan_result = #{record.scanResult,jdbcType=VARCHAR},
      </if>
      <if test="record.createTime != null">
        create_time = #{record.createTime,jdbcType=TIMESTAMP},
      </if>
      <if test="record.createUserId != null">
        create_user_id = #{record.createUserId,jdbcType=VARCHAR},
      </if>
      <if test="record.updateTime != null">
        update_time = #{record.updateTime,jdbcType=TIMESTAMP},
      </if>
      <if test="record.remark != null">
        remark = #{record.remark,jdbcType=VARCHAR},
      </if>
    </set>
    <if test="_parameter != null">
      <include refid="Update_By_Example_Where_Clause" />
    </if>
  </update>
  <update id="updateByExample" parameterType="map">
    update scan_result
    set scan_result_id = #{record.scanResultId,jdbcType=VARCHAR},
      bug_id = #{record.bugId,jdbcType=VARCHAR},
      asset_id = #{record.assetId,jdbcType=VARCHAR},
      task_log_id = #{record.taskLogId,jdbcType=VARCHAR},
      scan_result = #{record.scanResult,jdbcType=VARCHAR},
      create_time = #{record.createTime,jdbcType=TIMESTAMP},
      create_user_id = #{record.createUserId,jdbcType=VARCHAR},
      update_time = #{record.updateTime,jdbcType=TIMESTAMP},
      remark = #{record.remark,jdbcType=VARCHAR}
    <if test="_parameter != null">
      <include refid="Update_By_Example_Where_Clause" />
    </if>
  </update>
  <update id="updateByPrimaryKeySelective" parameterType="com.colodoo.manager.scan.scanResult.model.ScanResult">
    update scan_result
    <set>
      <if test="bugId != null">
        bug_id = #{bugId,jdbcType=VARCHAR},
      </if>
      <if test="assetId != null">
        asset_id = #{assetId,jdbcType=VARCHAR},
      </if>
      <if test="taskLogId != null">
        task_log_id = #{taskLogId,jdbcType=VARCHAR},
      </if>
      <if test="scanResult != null">
        scan_result = #{scanResult,jdbcType=VARCHAR},
      </if>
      <if test="createTime != null">
        create_time = #{createTime,jdbcType=TIMESTAMP},
      </if>
      <if test="createUserId != null">
        create_user_id = #{createUserId,jdbcType=VARCHAR},
      </if>
      <if test="updateTime != null">
        update_time = #{updateTime,jdbcType=TIMESTAMP},
      </if>
      <if test="remark != null">
        remark = #{remark,jdbcType=VARCHAR},
      </if>
    </set>
    where scan_result_id = #{scanResultId,jdbcType=VARCHAR}
  </update>
  <update id="updateByPrimaryKey" parameterType="com.colodoo.manager.scan.scanResult.model.ScanResult">
    update scan_result
    set bug_id = #{bugId,jdbcType=VARCHAR},
      asset_id = #{assetId,jdbcType=VARCHAR},
      task_log_id = #{taskLogId,jdbcType=VARCHAR},
      scan_result = #{scanResult,jdbcType=VARCHAR},
      create_time = #{createTime,jdbcType=TIMESTAMP},
      create_user_id = #{createUserId,jdbcType=VARCHAR},
      update_time = #{updateTime,jdbcType=TIMESTAMP},
      remark = #{remark,jdbcType=VARCHAR}
    where scan_result_id = #{scanResultId,jdbcType=VARCHAR}
  </update>
</mapper>