<?xml version="1.0" encoding="UTF-8"?>
<!DOCTYPE mapper PUBLIC "-//mybatis.org//DTD Mapper 3.0//EN" "http://mybatis.org/dtd/mybatis-3-mapper.dtd">
<mapper namespace="com.colodoo.framework.manager.roleUser.service.RoleUserMapper">
  <resultMap id="BaseResultMap" type="com.colodoo.framework.manager.roleUser.model.RoleUser">
    <id column="role_user_id" jdbcType="VARCHAR" property="roleUserId" />
    <result column="role_id" jdbcType="VARCHAR" property="roleId" />
    <result column="user_id" jdbcType="VARCHAR" property="userId" />
    <result column="create_time" jdbcType="TIMESTAMP" property="createTime" />
  </resultMap>
  <sql id="Example_Where_Clause">
    <where>
      <foreach collection="oredCriteria" item="criteria" separator="or">
        <if test="criteria.valid">
          <trim prefix="(" prefixOverrides="and" suffix=")">
            <foreach collection="criteria.criteria" item="criterion">
              <choose>
                <when test="criterion.noValue">
                  and ${criterion.condition}
                </when>
                <when test="criterion.singleValue">
                  and ${criterion.condition} #{criterion.value}
                </when>
                <when test="criterion.betweenValue">
                  and ${criterion.condition} #{criterion.value} and #{criterion.secondValue}
                </when>
                <when test="criterion.listValue">
                  and ${criterion.condition}
                  <foreach close=")" collection="criterion.value" item="listItem" open="(" separator=",">
                    #{listItem}
                  </foreach>
                </when>
              </choose>
            </foreach>
          </trim>
        </if>
      </foreach>
    </where>
  </sql>
  <sql id="Update_By_Example_Where_Clause">
    <where>
      <foreach collection="example.oredCriteria" item="criteria" separator="or">
        <if test="criteria.valid">
          <trim prefix="(" prefixOverrides="and" suffix=")">
            <foreach collection="criteria.criteria" item="criterion">
              <choose>
                <when test="criterion.noValue">
                  and ${criterion.condition}
                </when>
                <when test="criterion.singleValue">
                  and ${criterion.condition} #{criterion.value}
                </when>
                <when test="criterion.betweenValue">
                  and ${criterion.condition} #{criterion.value} and #{criterion.secondValue}
                </when>
                <when test="criterion.listValue">
                  and ${criterion.condition}
                  <foreach close=")" collection="criterion.value" item="listItem" open="(" separator=",">
                    #{listItem}
                  </foreach>
                </when>
              </choose>
            </foreach>
          </trim>
        </if>
      </foreach>
    </where>
  </sql>
  <sql id="Base_Column_List">
    role_user_id, role_id, user_id, create_time
  </sql>
  <select id="selectByExample" parameterType="com.colodoo.framework.manager.roleUser.model.RoleUserExample" resultMap="BaseResultMap">
    select
    <if test="distinct">
      distinct
    </if>
    <include refid="Base_Column_List" />
    from role_user
    <if test="_parameter != null">
      <include refid="Example_Where_Clause" />
    </if>
    <if test="orderByClause != null">
      order by ${orderByClause}
    </if>
  </select>
  <select id="selectByPrimaryKey" parameterType="java.lang.String" resultMap="BaseResultMap">
    select 
    <include refid="Base_Column_List" />
    from role_user
    where role_user_id = #{roleUserId,jdbcType=VARCHAR}
  </select>
  <delete id="deleteByPrimaryKey" parameterType="java.lang.String">
    delete from role_user
    where role_user_id = #{roleUserId,jdbcType=VARCHAR}
  </delete>
  <delete id="deleteByExample" parameterType="com.colodoo.framework.manager.roleUser.model.RoleUserExample">
    delete from role_user
    <if test="_parameter != null">
      <include refid="Example_Where_Clause" />
    </if>
  </delete>
  <insert id="insert" parameterType="com.colodoo.framework.manager.roleUser.model.RoleUser">
    insert into role_user (role_user_id, role_id, user_id, 
      create_time)
    values (#{roleUserId,jdbcType=VARCHAR}, #{roleId,jdbcType=VARCHAR}, #{userId,jdbcType=VARCHAR}, 
      #{createTime,jdbcType=TIMESTAMP})
  </insert>
  <insert id="insertSelective" parameterType="com.colodoo.framework.manager.roleUser.model.RoleUser">
    insert into role_user
    <trim prefix="(" suffix=")" suffixOverrides=",">
      <if test="roleUserId != null">
        role_user_id,
      </if>
      <if test="roleId != null">
        role_id,
      </if>
      <if test="userId != null">
        user_id,
      </if>
      <if test="createTime != null">
        create_time,
      </if>
    </trim>
    <trim prefix="values (" suffix=")" suffixOverrides=",">
      <if test="roleUserId != null">
        #{roleUserId,jdbcType=VARCHAR},
      </if>
      <if test="roleId != null">
        #{roleId,jdbcType=VARCHAR},
      </if>
      <if test="userId != null">
        #{userId,jdbcType=VARCHAR},
      </if>
      <if test="createTime != null">
        #{createTime,jdbcType=TIMESTAMP},
      </if>
    </trim>
  </insert>
  <select id="countByExample" parameterType="com.colodoo.framework.manager.roleUser.model.RoleUserExample" resultType="java.lang.Long">
    select count(*) from role_user
    <if test="_parameter != null">
      <include refid="Example_Where_Clause" />
    </if>
  </select>
  <update id="updateByExampleSelective" parameterType="map">
    update role_user
    <set>
      <if test="record.roleUserId != null">
        role_user_id = #{record.roleUserId,jdbcType=VARCHAR},
      </if>
      <if test="record.roleId != null">
        role_id = #{record.roleId,jdbcType=VARCHAR},
      </if>
      <if test="record.userId != null">
        user_id = #{record.userId,jdbcType=VARCHAR},
      </if>
      <if test="record.createTime != null">
        create_time = #{record.createTime,jdbcType=TIMESTAMP},
      </if>
    </set>
    <if test="_parameter != null">
      <include refid="Update_By_Example_Where_Clause" />
    </if>
  </update>
  <update id="updateByExample" parameterType="map">
    update role_user
    set role_user_id = #{record.roleUserId,jdbcType=VARCHAR},
      role_id = #{record.roleId,jdbcType=VARCHAR},
      user_id = #{record.userId,jdbcType=VARCHAR},
      create_time = #{record.createTime,jdbcType=TIMESTAMP}
    <if test="_parameter != null">
      <include refid="Update_By_Example_Where_Clause" />
    </if>
  </update>
  <update id="updateByPrimaryKeySelective" parameterType="com.colodoo.framework.manager.roleUser.model.RoleUser">
    update role_user
    <set>
      <if test="roleId != null">
        role_id = #{roleId,jdbcType=VARCHAR},
      </if>
      <if test="userId != null">
        user_id = #{userId,jdbcType=VARCHAR},
      </if>
      <if test="createTime != null">
        create_time = #{createTime,jdbcType=TIMESTAMP},
      </if>
    </set>
    where role_user_id = #{roleUserId,jdbcType=VARCHAR}
  </update>
  <update id="updateByPrimaryKey" parameterType="com.colodoo.framework.manager.roleUser.model.RoleUser">
    update role_user
    set role_id = #{roleId,jdbcType=VARCHAR},
      user_id = #{userId,jdbcType=VARCHAR},
      create_time = #{createTime,jdbcType=TIMESTAMP}
    where role_user_id = #{roleUserId,jdbcType=VARCHAR}
  </update>

  <select id="select" resultType="com.colodoo.framework.manager.roleUser.model.RoleUserVO">
    SELECT
    ru.role_user_id AS roleUserId,
    ru.role_id AS roleId,
    ru.user_id AS userId,
    ru.create_time AS createTime,
    u.user_name AS userName,
    r.role_name AS roleName
    FROM
    role_user ru
    INNER JOIN role r ON ru.role_id = r.role_id
    INNER JOIN USER u ON ru.user_id = u.user_id
  </select>
</mapper>